Assembly_No,Total_Candidates,Contesting_Incumbents,Successful_Incumbents,Total_Seats,Turncoats,Successful_Turncoats,Recontesting_Candidates,First_Contests,Second_Contests,Multiple_Contests,No_first_time_winners,First_Contest_Winners,Year,Recontesting_Candidates_pct,First_Contests_pct,Second_Contests_pct,Multiple_Contests_pct,Contesting_Incumbents_pct,Successful_Incumbents_pct,No_first_time_winners_pct,First_Contest_Winners_pct,Incumbent_Strike_Rate,Turncoat_Strike_Rate,State_Name
17,8054,337,226,543,195,29,1022,6739,746,569,271,225,2019,12.69,83.67,9.26,7.06,62.06,41.62,49.91,41.44,67.06,14.87,Lok_Sabha
16,8251,400,168,543,263,38,1186,6712,883,656,319,260,2014,14.37,81.35,10.7,7.95,73.66,30.94,58.75,47.88,42,14.45,Lok_Sabha
15,8070,362,173,543,213,30,914,6702,669,699,295,240,2009,11.33,83.05,8.29,8.66,66.67,31.86,54.33,44.2,47.79,14.08,Lok_Sabha
14,5435,419,226,543,214,56,877,4110,475,850,224,169,2004,16.14,75.62,8.74,15.64,77.16,41.62,41.25,31.12,53.94,26.17,Lok_Sabha
13,4648,457,269,543,235,64,1156,3063,704,881,183,115,1999,24.87,65.9,15.15,18.95,84.16,49.54,33.7,21.18,58.86,27.23,Lok_Sabha
12,4750,460,248,543,202,51,1145,3260,787,703,219,151,1998,24.11,68.63,16.57,14.8,84.71,45.67,40.33,27.81,53.91,25.25,Lok_Sabha
11,13952,381,194,543,242,49,1477,11898,1095,959,290,239,1996,10.59,85.28,7.85,6.87,70.17,35.73,53.41,44.01,50.92,20.25,Lok_Sabha
10,8749,408,258,534,179,34,1550,6694,1265,790,208,161,1991,17.72,76.51,14.46,9.03,76.4,48.31,38.95,30.15,63.24,18.99,Lok_Sabha
9,6159,379,163,529,164,87,992,4877,752,530,277,213,1989,16.11,79.18,12.21,8.61,71.64,30.81,52.36,40.26,43.01,53.05,Lok_Sabha
8,5492,356,230,541,212,35,845,4445,610,437,283,244,1984,15.39,80.94,11.11,7.96,65.8,42.51,52.31,45.1,64.61,16.51,Lok_Sabha
7,4629,385,150,529,377,78,778,3683,582,364,303,257,1980,16.81,79.56,12.57,7.86,72.78,28.36,57.28,48.58,38.96,20.69,Lok_Sabha
6,2439,327,137,542,161,111,544,1811,389,239,378,313,1977,22.3,74.25,15.95,9.8,60.33,25.28,69.74,57.75,41.9,68.94,Lok_Sabha
5,2784,305,216,518,124,38,415,2245,342,197,278,255,1971,14.91,80.64,12.28,7.08,58.88,41.7,53.67,49.23,70.82,30.65,Lok_Sabha
4,2369,235,179,520,47,23,326,2039,327,3,340,310,1967,13.76,86.07,13.8,0.13,45.19,34.42,65.38,59.62,76.17,48.94,Lok_Sabha
3,1985,0,0,494,0,0,0,1985,0,0,494,494,1962,0,100,0,0,0,0,100,100,0,0,Lok_Sabha
17,15,0,0,1,0,0,5,10,3,2,1,0,2019,33.33,66.67,20,13.33,0,0,100,0,0,0,Andaman_&_Nicobar_Islands
17,319,12,4,25,9,2,22,289,15,15,19,18,2019,6.9,90.6,4.7,4.7,48,16,76,72,33.33,22.22,Andhra_Pradesh
17,12,1,1,2,1,0,3,8,1,3,0,0,2019,25,66.67,8.33,25,50,50,0,0,100,0,Arunachal_Pradesh
17,145,8,5,14,3,0,25,114,17,14,9,9,2019,17.24,78.62,11.72,9.66,57.14,35.71,64.29,64.29,62.5,0,Assam
17,626,28,18,40,24,1,87,522,48,56,16,15,2019,13.9,83.39,7.67,8.95,70,45,40,37.5,64.29,4.17,Bihar
17,36,1,1,1,0,0,2,33,2,1,0,0,2019,5.56,91.67,5.56,2.78,100,100,0,0,100,0,Chandigarh
17,166,0,0,11,2,0,14,147,9,10,10,10,2019,8.43,88.55,5.42,6.02,0,0,90.91,90.91,0,0,Chhattisgarh
17,11,1,0,1,0,0,2,9,0,2,0,0,2019,18.18,81.82,0,18.18,100,0,0,0,0,0,Dadra_&_Nagar_Haveli
17,4,1,1,1,0,0,2,2,1,1,0,0,2019,50,50,25,25,100,100,0,0,100,0,Daman_&_Diu
17,164,5,5,7,1,0,11,151,7,6,2,2,2019,6.71,92.07,4.27,3.66,71.43,71.43,28.57,28.57,100,0,Delhi
17,12,2,1,2,0,0,2,9,0,3,0,0,2019,16.67,75,0,25,100,50,0,0,50,0,Goa
17,371,16,16,26,5,0,43,311,37,23,10,10,2019,11.59,83.83,9.97,6.2,61.54,61.54,38.46,38.46,100,0,Gujarat
17,223,7,4,10,2,1,23,194,14,15,5,5,2019,10.31,87,6.28,6.73,70,40,50,50,57.14,50,Haryana
17,45,2,2,4,0,0,6,36,5,4,2,2,2019,13.33,80,11.11,8.89,50,50,50,50,100,0,Himachal_Pradesh
17,79,4,3,6,2,0,10,63,10,6,3,3,2019,12.66,79.75,12.66,7.59,66.67,50,50,50,75,0,Jammu_&_Kashmir
17,229,12,8,14,9,1,38,180,27,22,5,2,2019,16.59,78.6,11.79,9.61,85.71,57.14,35.71,14.29,66.67,11.11,Jharkhand
17,478,24,15,28,8,0,62,401,46,31,10,9,2019,12.97,83.89,9.62,6.49,85.71,53.57,35.71,32.14,62.5,0,Karnataka
17,227,14,8,20,2,1,31,185,23,19,10,8,2019,13.66,81.5,10.13,8.37,70,40,50,40,57.14,50,Kerala
17,6,1,1,1,0,0,2,4,1,1,0,0,2019,33.33,66.67,16.67,16.67,100,100,0,0,100,0,Lakshadweep
17,438,14,11,29,9,0,32,387,25,26,17,17,2019,7.31,88.36,5.71,5.94,48.28,37.93,58.62,58.62,78.57,0,Madhya_Pradesh
17,867,37,29,48,20,2,116,724,91,52,19,16,2019,13.38,83.51,10.5,6,77.08,60.42,39.58,33.33,78.38,10,Maharashtra
17,19,0,0,2,0,0,3,16,2,1,2,1,2019,15.79,84.21,10.53,5.26,0,0,100,50,0,0,Manipur
17,9,1,1,2,1,1,1,6,1,2,0,0,2019,11.11,66.67,11.11,22.22,50,50,0,0,100,100,Meghalaya
17,6,0,0,1,0,0,0,5,1,0,1,1,2019,0,83.33,16.67,0,0,0,100,100,0,0,Mizoram
17,4,1,1,1,0,0,1,3,1,0,0,0,2019,25,75,25,0,100,100,0,0,100,0,Nagaland
17,174,7,3,21,10,1,47,122,22,30,16,14,2019,27.01,70.11,12.64,17.24,33.33,14.29,76.19,66.67,42.86,10,Odisha
17,18,0,0,1,0,0,2,15,2,1,1,1,2019,11.11,83.33,11.11,5.56,0,0,100,100,0,0,Puducherry
17,278,9,4,13,6,0,27,241,23,14,6,5,2019,9.71,86.69,8.27,5.04,69.23,30.77,46.15,38.46,44.44,0,Punjab
17,249,16,16,25,5,0,29,206,23,20,8,7,2019,11.65,82.73,9.24,8.03,64,64,32,28,100,0,Rajasthan
17,11,0,0,1,1,0,0,9,2,0,1,1,2019,0,81.82,18.18,0,0,0,100,100,0,0,Sikkim
17,850,8,0,39,7,3,82,745,67,38,28,16,2019,9.65,87.65,7.88,4.47,20.51,0,71.79,41.03,0,42.86,Tamil_Nadu
17,443,8,4,17,6,0,22,408,25,10,13,13,2019,4.97,92.1,5.64,2.26,47.06,23.53,76.47,76.47,50,0,Telangana
17,23,2,0,2,1,0,5,16,4,3,2,2,2019,21.74,69.57,17.39,13.04,100,0,100,100,0,0,Tripura
17,979,59,41,80,41,11,151,796,95,88,31,20,2019,15.42,81.31,9.7,8.99,73.75,51.25,38.75,25,69.49,26.83,Uttar_Pradesh
17,52,3,3,5,1,0,7,42,4,6,2,2,2019,13.46,80.77,7.69,11.54,60,60,40,40,100,0,Uttarakhand
17,466,33,20,42,19,5,107,330,92,44,22,16,2019,22.96,70.82,19.74,9.44,78.57,47.62,52.38,38.1,60.61,26.32,West_Bengal
16,15,1,1,1,0,0,2,11,2,2,0,0,2014,13.33,73.33,13.33,13.33,100,100,0,0,100,0,Andaman_&_Nicobar_Islands
16,598,30,8,42,12,3,50,538,27,33,30,28,2014,8.36,89.97,4.52,5.52,71.43,19.05,71.43,66.67,26.67,25,Andhra_Pradesh
16,11,2,1,2,0,0,6,5,4,2,0,0,2014,54.55,45.45,36.36,18.18,100,50,0,0,50,0,Arunachal_Pradesh
16,162,13,5,14,8,4,32,118,19,25,8,4,2014,19.75,72.84,11.73,15.43,92.86,35.71,57.14,28.57,38.46,50,Assam
16,607,32,12,40,41,6,123,454,87,66,17,13,2014,20.26,74.79,14.33,10.87,80,30,42.5,32.5,37.5,14.63,Bihar
16,17,1,0,1,0,0,1,15,1,1,1,1,2014,5.88,88.24,5.88,5.88,100,0,100,100,0,0,Chandigarh
16,211,7,5,11,3,0,26,179,23,9,6,5,2014,12.32,84.83,10.9,4.27,63.64,45.45,54.55,45.45,71.43,0,Chhattisgarh
16,11,1,1,1,0,0,2,8,2,1,0,0,2014,18.18,72.73,18.18,9.09,100,100,0,0,100,0,Dadra_&_Nagar_Haveli
16,4,1,1,1,0,0,1,3,1,0,0,0,2014,25,75,25,0,100,100,0,0,100,0,Daman_&_Diu
16,150,7,0,7,2,0,23,125,13,12,7,6,2014,15.33,83.33,8.67,8,100,0,100,85.71,0,0,Delhi
16,19,1,1,2,1,0,4,13,2,4,1,0,2014,21.05,68.42,10.53,21.05,50,50,50,0,100,0,Goa
16,334,19,11,26,10,0,55,267,41,26,15,12,2014,16.47,79.94,12.28,7.78,73.08,42.31,57.69,46.15,57.89,0,Gujarat
16,230,7,1,10,5,1,24,196,17,17,8,7,2014,10.43,85.22,7.39,7.39,70,10,80,70,14.29,20,Haryana
16,38,4,2,4,1,0,8,27,3,8,1,1,2014,21.05,71.05,7.89,21.05,100,50,25,25,50,0,Himachal_Pradesh
16,77,4,0,6,2,0,9,60,8,9,4,3,2014,11.69,77.92,10.39,11.69,66.67,0,66.67,50,0,0,Jammu_&_Kashmir
16,240,10,6,14,16,0,47,185,27,28,6,6,2014,19.58,77.08,11.25,11.67,71.43,42.86,42.86,42.86,60,0,Jharkhand
16,434,23,16,28,10,1,66,346,53,35,11,7,2014,15.21,79.72,12.21,8.06,82.14,57.14,39.29,25,69.57,10,Karnataka
16,269,18,15,20,5,2,43,210,34,25,4,3,2014,15.99,78.07,12.64,9.29,90,75,20,15,83.33,40,Kerala
16,6,1,0,1,0,0,1,5,1,0,1,1,2014,16.67,83.33,16.67,0,100,0,100,100,0,0,Lakshadweep
16,378,17,9,29,11,3,50,314,37,27,15,13,2014,13.23,83.07,9.79,7.14,58.62,31.03,51.72,44.83,52.94,27.27,Madhya_Pradesh
16,897,36,16,48,8,2,109,761,82,54,29,20,2014,12.15,84.84,9.14,6.02,75,33.33,60.42,41.67,44.44,25,Maharashtra
16,18,2,2,2,2,0,5,10,3,5,0,0,2014,27.78,55.56,16.67,27.78,100,100,0,0,100,0,Manipur
16,10,1,1,2,1,1,3,6,3,1,0,0,2014,30,60,30,10,50,50,0,0,100,100,Meghalaya
16,3,1,1,1,0,0,1,2,0,1,0,0,2014,33.33,66.67,0,33.33,100,100,0,0,100,0,Mizoram
16,3,0,0,1,1,0,0,2,0,1,1,1,2014,0,66.67,0,33.33,0,0,100,100,0,0,Nagaland
16,196,16,8,21,14,0,47,139,28,29,12,11,2014,23.98,70.92,14.29,14.8,76.19,38.1,57.14,52.38,50,0,Odisha
16,30,1,0,1,0,0,3,27,2,1,1,1,2014,10,90,6.67,3.33,100,0,100,100,0,0,Puducherry
16,253,8,3,13,4,0,29,211,26,16,7,7,2014,11.46,83.4,10.28,6.32,61.54,23.08,53.85,53.85,37.5,0,Punjab
16,320,16,3,25,9,2,51,253,43,24,18,14,2014,15.94,79.06,13.44,7.5,64,12,72,56,18.75,22.22,Rajasthan
16,6,1,1,1,2,0,2,3,3,0,0,0,2014,33.33,50,50,0,100,100,0,0,100,0,Sikkim
16,845,22,3,39,13,2,89,725,78,42,34,30,2014,10.53,85.8,9.23,4.97,56.41,7.69,87.18,76.92,13.64,15.38,Tamil_Nadu
16,25,0,0,2,3,0,5,20,3,2,2,2,2014,20,80,12,8,0,0,100,100,0,0,Tripura
16,1288,60,16,80,58,11,169,1057,125,106,54,40,2014,13.12,82.07,9.7,8.23,75,20,67.5,50,26.67,18.97,Uttar_Pradesh
16,74,3,1,5,2,0,10,59,11,4,3,1,2014,13.51,79.73,14.86,5.41,60,20,60,20,33.33,0,Uttarakhand
16,472,34,18,42,19,0,90,358,74,40,23,23,2014,19.07,75.85,15.68,8.47,80.95,42.86,54.76,54.76,52.94,0,West_Bengal
15,11,0,0,1,1,0,2,8,1,2,0,0,2009,18.18,72.73,9.09,18.18,0,0,0,0,0,0,Andaman_&_Nicobar_Islands
15,569,26,21,42,11,3,45,500,37,32,18,16,2009,7.91,87.87,6.5,5.62,61.9,50,42.86,38.1,80.77,27.27,Andhra_Pradesh
15,8,2,0,2,0,0,2,6,1,1,2,2,2009,25,75,12.5,12.5,100,0,100,100,0,0,Arunachal_Pradesh
15,158,11,6,14,4,0,34,117,18,23,3,3,2009,21.52,74.05,11.39,14.56,78.57,42.86,21.43,21.43,54.55,0,Assam
15,672,29,7,40,29,3,85,537,63,72,24,20,2009,12.65,79.91,9.38,10.71,72.5,17.5,60,50,24.14,10.34,Bihar
15,14,1,1,1,0,0,1,13,0,1,0,0,2009,7.14,92.86,0,7.14,100,100,0,0,100,0,Chandigarh
15,178,7,4,11,2,0,19,154,11,13,5,5,2009,10.67,86.52,6.18,7.3,63.64,36.36,45.45,45.45,57.14,0,Chhattisgarh
15,5,1,0,1,1,0,1,4,0,1,1,1,2009,20,80,0,20,100,0,100,100,0,0,Dadra_&_Nagar_Haveli
15,7,1,0,1,1,0,1,5,0,2,1,1,2009,14.29,71.43,0,28.57,100,0,100,100,0,0,Daman_&_Diu
15,160,4,4,7,2,0,15,136,10,14,2,2,2009,9.38,85,6.25,8.75,57.14,57.14,28.57,28.57,100,0,Delhi
15,18,2,2,2,2,0,5,10,5,3,0,0,2009,27.78,55.56,27.78,16.67,100,100,0,0,100,0,Goa
15,359,15,10,26,3,2,38,311,27,21,15,12,2009,10.58,86.63,7.52,5.85,57.69,38.46,57.69,46.15,66.67,66.67,Gujarat
15,210,7,5,10,6,1,25,169,22,19,4,4,2009,11.9,80.48,10.48,9.05,70,50,40,40,71.43,16.67,Haryana
15,31,3,1,4,2,1,7,20,6,5,2,0,2009,22.58,64.52,19.35,16.13,75,25,50,0,33.33,50,Himachal_Pradesh
15,81,2,2,6,3,0,12,64,9,8,2,2,2009,14.81,79.01,11.11,9.88,33.33,33.33,33.33,33.33,100,0,Jammu_&_Kashmir
15,249,13,3,14,10,1,42,196,25,28,8,6,2009,16.87,78.71,10.04,11.24,92.86,21.43,57.14,42.86,23.08,10,Jharkhand
15,427,17,10,28,12,2,39,358,33,36,14,11,2009,9.13,83.84,7.73,8.43,60.71,35.71,50,39.29,58.82,16.67,Karnataka
15,217,9,2,20,3,0,24,176,20,21,13,9,2009,11.06,81.11,9.22,9.68,45,10,65,45,22.22,0,Kerala
15,4,0,0,1,1,0,0,3,1,0,1,1,2009,0,75,25,0,0,0,100,100,0,0,Lakshadweep
15,429,19,10,29,12,1,46,351,40,38,17,13,2009,10.72,81.82,9.32,8.86,65.52,34.48,58.62,44.83,52.63,8.33,Madhya_Pradesh
15,819,31,21,48,11,2,89,692,64,63,21,17,2009,10.87,84.49,7.81,7.69,64.58,43.75,43.75,35.42,67.74,18.18,Maharashtra
15,16,2,1,2,1,0,6,8,8,0,1,1,2009,37.5,50,50,0,100,50,50,50,50,0,Manipur
15,11,0,0,2,0,0,0,10,0,1,2,2,2009,0,90.91,0,9.09,0,0,100,100,0,0,Meghalaya
15,4,0,0,1,0,0,1,1,2,1,1,0,2009,25,25,50,25,0,0,100,0,0,0,Mizoram
15,3,0,0,1,0,0,2,1,1,1,1,1,2009,66.67,33.33,33.33,33.33,0,0,100,100,0,0,Nagaland
15,157,16,5,21,9,3,33,108,16,33,13,8,2009,21.02,68.79,10.19,21.02,76.19,23.81,61.9,38.1,31.25,33.33,Odisha
15,28,1,0,1,0,0,3,25,2,1,1,1,2009,10.71,89.29,7.14,3.57,100,0,100,100,0,0,Puducherry
15,218,8,4,13,5,0,23,186,18,14,8,7,2009,10.55,85.32,8.26,6.42,61.54,30.77,61.54,53.85,50,0,Punjab
15,346,15,5,25,4,0,35,296,24,26,16,15,2009,10.12,85.55,6.94,7.51,60,20,64,60,33.33,0,Rajasthan
15,7,0,0,1,0,0,0,7,0,0,1,1,2009,0,100,0,0,0,0,100,100,0,0,Sikkim
15,823,23,10,39,8,1,55,750,35,38,24,20,2009,6.68,91.13,4.25,4.62,58.97,25.64,61.54,51.28,43.48,12.5,Tamil_Nadu
15,19,2,2,2,1,0,5,11,4,4,0,0,2009,26.32,57.89,21.05,21.05,100,100,0,0,100,0,Tripura
15,1368,64,23,80,60,8,146,1128,118,122,46,37,2009,10.67,82.46,8.63,8.92,80,28.75,57.5,46.25,35.94,13.33,Uttar_Pradesh
15,76,3,2,5,2,0,5,67,5,4,1,1,2009,6.58,88.16,6.58,5.26,60,40,20,20,66.67,0,Uttarakhand
15,368,28,12,42,7,2,68,274,43,51,27,21,2009,18.48,74.46,11.68,13.86,66.67,28.57,64.29,50,42.86,28.57,West_Bengal
14,12,1,0,1,0,0,2,9,0,3,0,0,2004,16.67,75,0,25,100,0,0,0,0,0,Andaman_&_Nicobar_Islands
14,279,25,7,42,6,5,45,210,26,43,23,20,2004,16.13,75.27,9.32,15.41,59.52,16.67,54.76,47.62,28,83.33,Andhra_Pradesh
14,13,1,0,2,1,0,2,10,2,1,2,1,2004,15.38,76.92,15.38,7.69,50,0,100,50,0,0,Arunachal_Pradesh
14,116,12,7,14,3,0,27,75,13,28,4,3,2004,23.28,64.66,11.21,24.14,85.71,50,28.57,21.43,58.33,0,Assam
14,462,36,13,40,30,9,85,339,43,80,18,13,2004,18.4,73.38,9.31,17.32,90,32.5,45,32.5,36.11,30,Bihar
14,17,1,1,1,0,0,1,15,0,2,0,0,2004,5.88,88.24,0,11.76,100,100,0,0,100,0,Chandigarh
14,102,9,6,11,2,0,15,81,7,14,3,3,2004,14.71,79.41,6.86,13.73,81.82,54.55,27.27,27.27,66.67,0,Chhattisgarh
14,10,1,1,1,0,0,1,9,0,1,0,0,2004,10,90,0,10,100,100,0,0,100,0,Dadra_&_Nagar_Haveli
14,3,1,1,1,0,0,1,2,0,1,0,0,2004,33.33,66.67,0,33.33,100,100,0,0,100,0,Daman_&_Diu
14,129,6,1,7,2,0,15,97,15,17,4,1,2004,11.63,75.19,11.63,13.18,85.71,14.29,57.14,14.29,16.67,0,Delhi
14,16,2,1,2,1,1,4,11,1,4,0,0,2004,25,68.75,6.25,25,100,50,0,0,50,100,Goa
14,162,23,14,26,8,2,37,108,16,38,7,6,2004,22.84,66.67,9.88,23.46,88.46,53.85,26.92,23.08,60.87,25,Gujarat
14,160,9,2,10,6,1,26,116,19,25,3,3,2004,16.25,72.5,11.88,15.62,90,20,30,30,22.22,16.67,Haryana
14,23,4,2,4,2,1,6,13,5,5,2,1,2004,26.09,56.52,21.74,21.74,100,50,50,25,50,50,Himachal_Pradesh
14,83,4,2,6,0,0,12,65,10,8,4,1,2004,14.46,78.31,12.05,9.64,66.67,33.33,66.67,16.67,50,0,Jammu_&_Kashmir
14,182,14,1,14,9,3,24,145,7,30,8,4,2004,13.19,79.67,3.85,16.48,100,7.14,57.14,28.57,7.14,33.33,Jharkhand
14,172,22,12,28,20,3,41,113,14,45,13,12,2004,23.84,65.7,8.14,26.16,78.57,42.86,46.43,42.86,54.55,15,Karnataka
14,177,15,10,20,4,2,37,129,22,26,6,5,2004,20.9,72.88,12.43,14.69,75,50,30,25,66.67,50,Kerala
14,4,1,0,1,0,0,1,3,0,1,1,1,2004,25,75,0,25,100,0,100,100,0,0,Lakshadweep
14,294,21,17,29,7,2,46,221,37,36,8,6,2004,15.65,75.17,12.59,12.24,72.41,58.62,27.59,20.69,80.95,28.57,Madhya_Pradesh
14,412,37,24,48,13,3,70,298,46,68,16,13,2004,16.99,72.33,11.17,16.5,77.08,50,33.33,27.08,64.86,23.08,Maharashtra
14,12,1,0,2,1,0,2,10,0,2,2,2,2004,16.67,83.33,0,16.67,50,0,100,100,0,0,Manipur
14,5,2,2,2,1,1,2,3,0,2,0,0,2004,40,60,0,40,100,100,0,0,100,100,Meghalaya
14,3,1,1,1,0,0,1,1,1,1,0,0,2004,33.33,33.33,33.33,33.33,100,100,0,0,100,0,Mizoram
14,5,1,0,1,1,0,2,3,0,2,1,1,2004,40,60,0,40,100,0,100,100,0,0,Nagaland
14,100,13,11,21,7,3,27,54,6,40,8,4,2004,27,54,6,40,61.9,52.38,38.1,19.05,84.62,42.86,Odisha
14,21,0,0,1,0,0,1,19,2,0,1,0,2004,4.76,90.48,9.52,0,0,0,100,0,0,0,Puducherry
14,142,9,3,13,6,1,18,113,13,16,9,8,2004,12.68,79.58,9.15,11.27,69.23,23.08,69.23,61.54,33.33,16.67,Punjab
14,185,19,13,25,10,0,33,134,14,37,12,10,2004,17.84,72.43,7.57,20,76,52,48,40,68.42,0,Rajasthan
14,4,0,0,1,0,0,0,4,0,0,1,1,2004,0,100,0,0,0,0,100,100,0,0,Sikkim
14,571,17,13,39,7,4,46,510,23,38,20,16,2004,8.06,89.32,4.03,6.65,43.59,33.33,51.28,41.03,76.47,57.14,Tamil_Nadu
14,12,2,2,2,0,0,4,5,4,3,0,0,2004,33.33,41.67,33.33,25,100,100,0,0,100,0,Tripura
14,1138,65,29,80,58,13,163,880,99,159,31,23,2004,14.32,77.33,8.7,13.97,81.25,36.25,38.75,28.75,44.62,22.41,Uttar_Pradesh
14,54,4,3,5,1,0,7,43,3,8,2,2,2004,12.96,79.63,5.56,14.81,80,60,40,40,75,0,Uttarakhand
14,355,40,27,42,8,2,73,262,27,66,15,9,2004,20.56,73.8,7.61,18.59,95.24,64.29,35.71,21.43,67.5,25,West_Bengal
13,5,1,0,1,0,0,3,2,1,2,1,0,1999,60,40,20,40,100,0,100,0,0,0,Andaman_&_Nicobar_Islands
13,285,33,13,42,6,3,75,189,41,55,25,17,1999,26.32,66.32,14.39,19.3,78.57,30.95,59.52,40.48,39.39,50,Andhra_Pradesh
13,6,2,1,2,2,1,3,2,3,1,1,0,1999,50,33.33,50,16.67,100,50,50,0,50,50,Arunachal_Pradesh
13,115,14,11,14,5,2,39,62,24,29,2,1,1999,33.91,53.91,20.87,25.22,100,78.57,14.29,7.14,78.57,40,Assam
13,497,44,23,54,47,19,132,334,65,98,15,8,1999,26.56,67.2,13.08,19.72,81.48,42.59,27.78,14.81,52.27,40.43,Bihar
13,16,1,0,1,0,0,2,14,0,2,0,0,1999,12.5,87.5,0,12.5,100,0,0,0,0,0,Chandigarh
13,5,1,1,1,0,0,1,4,0,1,0,0,1999,20,80,0,20,100,100,0,0,100,0,Dadra_&_Nagar_Haveli
13,4,1,0,1,0,0,2,2,1,1,1,0,1999,50,50,25,25,100,0,100,0,0,0,Daman_&_Diu
13,97,5,4,7,1,0,17,70,9,18,2,1,1999,17.53,72.16,9.28,18.56,71.43,57.14,28.57,14.29,80,0,Delhi
13,16,0,0,2,1,0,2,11,2,3,2,0,1999,12.5,68.75,12.5,18.75,0,0,100,0,0,0,Goa
13,159,26,17,26,8,2,43,95,21,43,8,5,1999,27.04,59.75,13.21,27.04,100,65.38,30.77,19.23,65.38,25,Gujarat
13,114,10,5,10,8,6,26,77,18,19,4,2,1999,22.81,67.54,15.79,16.67,100,50,40,20,50,75,Haryana
13,22,3,3,4,0,0,7,14,3,5,1,1,1999,31.82,63.64,13.64,22.73,75,75,25,25,100,0,Himachal_Pradesh
13,83,3,2,6,2,0,13,67,9,7,4,3,1999,15.66,80.72,10.84,8.43,50,33.33,66.67,50,66.67,0,Jammu_&_Kashmir
13,130,26,12,28,16,5,44,69,22,39,9,6,1999,33.85,53.08,16.92,30,92.86,42.86,32.14,21.43,46.15,31.25,Karnataka
13,142,18,13,20,3,0,39,92,18,32,4,3,1999,27.46,64.79,12.68,22.54,90,65,20,15,72.22,0,Kerala
13,4,1,1,1,0,0,1,3,0,1,0,0,1999,25,75,0,25,100,100,0,0,100,0,Lakshadweep
13,344,31,24,40,10,1,81,240,46,58,12,9,1999,23.55,69.77,13.37,16.86,77.5,60,30,22.5,77.42,10,Madhya_Pradesh
13,261,39,21,48,27,6,75,142,45,74,16,14,1999,28.74,54.41,17.24,28.35,81.25,43.75,33.33,29.17,53.85,22.22,Maharashtra
13,18,2,1,2,3,1,8,9,4,5,1,0,1999,44.44,50,22.22,27.78,100,50,50,0,50,33.33,Manipur
13,14,2,2,2,1,1,4,8,1,5,0,0,1999,28.57,57.14,7.14,35.71,100,100,0,0,100,100,Meghalaya
13,7,0,0,1,0,0,1,5,2,0,1,0,1999,14.29,71.43,28.57,0,0,0,100,0,0,0,Mizoram
13,5,1,1,1,0,0,2,2,3,0,0,0,1999,40,40,60,0,100,100,0,0,100,0,Nagaland
13,105,18,14,21,3,1,45,50,16,39,5,2,1999,42.86,47.62,15.24,37.14,85.71,66.67,23.81,9.52,77.78,33.33,Odisha
13,9,0,0,1,0,0,0,7,1,1,0,0,1999,0,77.78,11.11,11.11,0,0,0,0,0,0,Puducherry
13,120,12,3,13,2,0,32,78,20,22,5,3,1999,26.67,65,16.67,18.33,92.31,23.08,38.46,23.08,25,0,Punjab
13,165,19,9,25,7,2,53,95,31,39,9,5,1999,32.12,57.58,18.79,23.64,76,36,36,20,47.37,28.57,Rajasthan
13,4,1,1,1,0,0,1,3,0,1,0,0,1999,25,75,0,25,100,100,0,0,100,0,Sikkim
13,362,29,15,39,11,1,76,255,60,47,21,16,1999,20.99,70.44,16.57,12.98,74.36,38.46,53.85,41.03,51.72,9.09,Tamil_Nadu
13,17,2,2,2,1,0,4,9,5,3,0,0,1999,23.53,52.94,29.41,17.65,100,100,0,0,100,0,Tripura
13,1208,73,35,85,46,5,233,867,179,162,28,17,1999,19.29,71.77,14.82,13.41,85.88,41.18,32.94,20,47.95,10.87,Uttar_Pradesh
13,309,39,35,42,25,8,92,186,54,69,6,2,1999,29.77,60.19,17.48,22.33,92.86,83.33,14.29,4.76,89.74,32,West_Bengal
12,6,1,1,1,0,0,3,3,1,2,0,0,1998,50,50,16.67,33.33,100,100,0,0,100,0,Andaman_&_Nicobar_Islands
12,390,35,17,42,9,4,85,283,58,49,17,12,1998,21.79,72.56,14.87,12.56,83.33,40.48,40.48,28.57,48.57,44.44,Andhra_Pradesh
12,7,2,1,2,0,0,3,3,3,1,1,1,1998,42.86,42.86,42.86,14.29,100,50,50,50,50,0,Arunachal_Pradesh
12,101,11,3,14,3,1,30,58,19,24,8,5,1998,29.7,57.43,18.81,23.76,78.57,21.43,57.14,35.71,27.27,33.33,Assam
12,469,50,24,54,41,11,115,316,80,73,27,18,1998,24.52,67.38,17.06,15.57,92.59,44.44,50,33.33,48,26.83,Bihar
12,18,1,1,1,0,0,3,14,3,1,0,0,1998,16.67,77.78,16.67,5.56,100,100,0,0,100,0,Chandigarh
12,4,1,1,1,1,1,2,2,0,2,0,0,1998,50,50,0,50,100,100,0,0,100,100,Dadra_&_Nagar_Haveli
12,5,0,0,1,0,0,1,4,0,1,0,0,1998,20,80,0,20,0,0,0,0,0,0,Daman_&_Diu
12,132,7,6,7,3,0,26,89,27,16,0,0,1998,19.7,67.42,20.45,12.12,100,85.71,0,0,85.71,0,Delhi
12,12,2,0,2,0,0,3,9,3,0,2,2,1998,25,75,25,0,100,0,100,100,0,0,Goa
12,139,25,22,26,10,0,51,81,26,32,3,3,1998,36.69,58.27,18.71,23.02,96.15,84.62,11.54,11.54,88,0,Gujarat
12,140,10,3,10,7,2,33,97,28,15,6,3,1998,23.57,69.29,20,10.71,100,30,60,30,30,28.57,Haryana
12,22,3,1,4,1,0,7,13,2,7,1,1,1998,31.82,59.09,9.09,31.82,75,25,25,25,33.33,0,Himachal_Pradesh
12,86,3,1,6,5,1,14,67,11,8,3,2,1998,16.28,77.91,12.79,9.3,50,16.67,50,33.33,33.33,20,Jammu_&_Kashmir
12,200,23,9,28,11,5,61,122,50,28,13,6,1998,30.5,61,25,14,82.14,32.14,46.43,21.43,39.13,45.45,Karnataka
12,120,19,13,20,2,2,38,73,23,24,6,5,1998,31.67,60.83,19.17,20,95,65,30,25,68.42,100,Kerala
12,2,1,1,1,0,0,1,1,0,1,0,0,1998,50,50,0,50,100,100,0,0,100,0,Lakshadweep
12,400,36,24,40,15,2,89,280,63,57,12,8,1998,22.25,70,15.75,14.25,90,60,30,20,66.67,13.33,Madhya_Pradesh
12,377,38,17,48,8,1,106,250,68,59,22,16,1998,28.12,66.31,18.04,15.65,79.17,35.42,45.83,33.33,44.74,12.5,Maharashtra
12,15,2,1,2,2,1,5,8,4,3,1,0,1998,33.33,53.33,26.67,20,100,50,50,0,50,50,Manipur
12,13,2,1,2,0,0,3,8,1,4,1,0,1998,23.08,61.54,7.69,30.77,100,50,50,0,50,0,Meghalaya
12,6,0,0,1,0,0,0,6,0,0,1,1,1998,0,100,0,0,0,0,100,100,0,0,Mizoram
12,2,0,0,1,0,0,0,2,0,0,1,1,1998,0,100,0,0,0,0,100,100,0,0,Nagaland
12,135,17,4,21,15,7,39,79,28,28,13,2,1998,28.89,58.52,20.74,20.74,80.95,19.05,61.9,9.52,23.53,46.67,Odisha
12,9,0,0,1,0,0,3,5,3,1,1,0,1998,33.33,55.56,33.33,11.11,0,0,100,0,0,0,Puducherry
12,102,8,5,13,1,1,24,66,22,14,6,4,1998,23.53,64.71,21.57,13.73,61.54,38.46,46.15,30.77,62.5,100,Punjab
12,219,19,10,25,9,2,53,149,38,32,12,9,1998,24.2,68.04,17.35,14.61,76,40,48,36,52.63,22.22,Rajasthan
12,3,1,1,1,0,0,1,2,1,0,0,0,1998,33.33,66.67,33.33,0,100,100,0,0,100,0,Sikkim
12,296,29,7,39,3,1,74,207,45,44,24,22,1998,25,69.93,15.2,14.86,74.36,17.95,61.54,56.41,24.14,33.33,Tamil_Nadu
12,11,1,1,2,0,0,5,6,3,2,1,1,1998,45.45,54.55,27.27,18.18,50,50,50,50,100,0,Tripura
12,1037,77,43,85,43,5,197,785,131,121,26,20,1998,19,75.7,12.63,11.67,90.59,50.59,30.59,23.53,55.84,11.63,Uttar_Pradesh
12,272,36,30,42,13,4,70,172,46,54,11,9,1998,25.74,63.24,16.91,19.85,85.71,71.43,26.19,21.43,83.33,30.77,West_Bengal
11,11,1,1,1,0,0,2,9,1,1,0,0,1996,18.18,81.82,9.09,9.09,100,100,0,0,100,0,Andaman_&_Nicobar_Islands
11,1462,27,12,42,13,0,116,1305,88,69,26,23,1996,7.93,89.26,6.02,4.72,64.29,28.57,61.9,54.76,44.44,0,Andhra_Pradesh
11,10,2,0,2,0,0,3,6,1,3,2,1,1996,30,60,10,30,100,0,100,50,0,0,Arunachal_Pradesh
11,137,13,8,14,7,1,38,95,28,14,6,3,1996,27.74,69.34,20.44,10.22,92.86,57.14,42.86,21.43,61.54,14.29,Assam
11,1448,37,17,54,41,9,139,1246,99,103,28,21,1996,9.6,86.05,6.84,7.11,68.52,31.48,51.85,38.89,45.95,21.95,Bihar
11,48,1,0,1,0,0,4,43,3,2,1,1,1996,8.33,89.58,6.25,4.17,100,0,100,100,0,0,Chandigarh
11,5,1,1,1,0,0,1,4,0,1,0,0,1996,20,80,0,20,100,100,0,0,100,0,Dadra_&_Nagar_Haveli
11,9,1,0,1,0,0,3,6,1,2,1,0,1996,33.33,66.67,11.11,22.22,100,0,100,0,0,0,Daman_&_Diu
11,523,4,1,7,2,0,60,437,55,31,4,3,1996,11.47,83.56,10.52,5.93,57.14,14.29,57.14,42.86,25,0,Delhi
11,30,1,0,2,2,0,6,23,3,4,2,2,1996,20,76.67,10,13.33,50,0,100,100,0,0,Goa
11,577,21,14,26,8,2,79,476,51,50,10,9,1996,13.69,82.5,8.84,8.67,80.77,53.85,38.46,34.62,66.67,25,Gujarat
11,294,8,3,10,7,3,34,241,32,21,5,4,1996,11.56,81.97,10.88,7.14,80,30,50,40,37.5,42.86,Haryana
11,54,3,2,4,2,0,7,45,3,6,2,2,1996,12.96,83.33,5.56,11.11,75,50,50,50,66.67,0,Himachal_Pradesh
11,110,0,0,6,1,0,0,99,5,6,5,5,1996,0,90,4.55,5.45,0,0,83.33,83.33,0,0,Jammu_&_Kashmir
11,978,19,4,28,5,1,72,882,57,39,23,20,1996,7.36,90.18,5.83,3.99,67.86,14.29,82.14,71.43,21.05,20,Karnataka
11,232,14,7,20,2,0,35,170,33,29,10,7,1996,15.09,73.28,14.22,12.5,70,35,50,35,50,0,Kerala
11,2,1,1,1,0,0,2,0,0,2,0,0,1996,100,0,0,100,100,100,0,0,100,0,Lakshadweep
11,1259,29,17,40,12,2,108,1106,82,71,18,15,1996,8.58,87.85,6.51,5.64,72.5,42.5,45,37.5,58.62,16.67,Madhya_Pradesh
11,1065,34,13,48,14,0,144,875,103,87,33,27,1996,13.52,82.16,9.67,8.17,70.83,27.08,68.75,56.25,38.24,0,Maharashtra
11,28,2,1,2,2,0,4,21,5,2,1,1,1996,14.29,75,17.86,7.14,100,50,50,50,50,0,Manipur
11,10,1,1,2,0,0,5,4,3,3,0,0,1996,50,40,30,30,50,50,0,0,100,0,Meghalaya
11,4,1,1,1,0,0,1,3,0,1,0,0,1996,25,75,0,25,100,100,0,0,100,0,Mizoram
11,3,1,1,1,1,1,1,2,1,0,0,0,1996,33.33,66.67,33.33,0,100,100,0,0,100,100,Nagaland
11,226,16,11,21,9,3,53,156,33,37,7,7,1996,23.45,69.03,14.6,16.37,76.19,52.38,33.33,33.33,68.75,33.33,Odisha
11,21,1,1,1,0,0,3,18,2,1,0,0,1996,14.29,85.71,9.52,4.76,100,100,0,0,100,0,Puducherry
11,259,9,3,13,2,0,20,217,28,14,7,7,1996,7.72,83.78,10.81,5.41,69.23,23.08,53.85,53.85,33.33,0,Punjab
11,677,17,12,25,8,1,88,564,67,46,11,10,1996,13,83.31,9.9,6.79,68,48,44,40,70.59,12.5,Rajasthan
11,7,0,0,1,0,0,0,6,1,0,1,1,1996,0,85.71,14.29,0,0,0,100,100,0,0,Sikkim
11,749,23,6,39,19,10,94,620,71,58,25,19,1996,12.55,82.78,9.48,7.74,58.97,15.38,64.1,48.72,26.09,52.63,Tamil_Nadu
11,20,1,0,2,1,0,4,10,6,4,1,1,1996,20,50,30,20,50,0,50,50,0,0,Tripura
11,3297,58,28,85,78,16,233,2958,183,156,48,39,1996,7.07,89.72,5.55,4.73,68.24,32.94,56.47,45.88,48.28,20.51,Uttar_Pradesh
11,397,34,28,42,6,0,118,251,50,96,13,11,1996,29.72,63.22,12.59,24.18,80.95,66.67,30.95,26.19,82.35,0,West_Bengal
10,5,1,1,1,0,0,1,4,0,1,0,0,1991,20,80,0,20,100,100,0,0,100,0,Andaman_&_Nicobar_Islands
10,609,34,20,42,6,0,100,468,92,49,18,14,1991,16.42,76.85,15.11,8.05,80.95,47.62,42.86,33.33,58.82,0,Andhra_Pradesh
10,7,2,2,2,0,0,2,5,1,1,0,0,1991,28.57,71.43,14.29,14.29,100,100,0,0,100,0,Arunachal_Pradesh
10,167,0,0,14,5,0,0,133,22,12,11,9,1991,0,79.64,13.17,7.19,0,0,78.57,64.29,0,0,Assam
10,1214,44,25,52,25,5,168,985,137,92,21,9,1991,13.84,81.14,11.29,7.58,84.62,48.08,40.38,17.31,56.82,20,Bihar
10,55,0,0,1,0,0,3,48,5,2,1,1,1991,5.45,87.27,9.09,3.64,0,0,100,100,0,0,Chandigarh
10,5,1,1,1,1,0,3,2,3,0,0,0,1991,60,40,60,0,100,100,0,0,100,0,Dadra_&_Nagar_Haveli
10,12,1,1,1,0,0,3,9,3,0,0,0,1991,25,75,25,0,100,100,0,0,100,0,Daman_&_Diu
10,502,7,3,7,2,0,64,423,49,30,2,2,1991,12.75,84.26,9.76,5.98,100,42.86,28.57,28.57,42.86,0,Delhi
10,33,2,1,2,2,0,11,22,10,1,1,1,1991,33.33,66.67,30.3,3.03,100,50,50,50,50,0,Goa
10,420,24,14,26,13,2,95,302,74,44,10,9,1991,22.62,71.9,17.62,10.48,92.31,53.85,38.46,34.62,58.33,15.38,Gujarat
10,198,7,2,10,8,0,42,140,40,18,7,5,1991,21.21,70.71,20.2,9.09,70,20,70,50,28.57,0,Haryana
10,46,3,2,4,1,0,15,28,7,11,1,1,1991,32.61,60.87,15.22,23.91,75,50,25,25,66.67,0,Himachal_Pradesh
10,391,23,17,28,14,4,70,293,60,38,9,6,1991,17.9,74.94,15.35,9.72,82.14,60.71,32.14,21.43,73.91,28.57,Karnataka
10,179,18,15,20,1,0,46,123,37,19,3,3,1991,25.7,68.72,20.67,10.61,90,75,15,15,83.33,0,Kerala
10,2,1,1,1,0,0,2,0,0,2,0,0,1991,100,0,0,100,100,100,0,0,100,0,Lakshadweep
10,683,33,18,40,8,2,117,521,87,75,13,12,1991,17.13,76.28,12.74,10.98,82.5,45,32.5,30,54.55,25,Madhya_Pradesh
10,862,36,23,48,6,2,146,677,118,67,18,12,1991,16.94,78.54,13.69,7.77,75,47.92,37.5,25,63.89,33.33,Maharashtra
10,20,1,1,2,2,0,4,12,4,4,1,1,1991,20,60,20,20,50,50,50,50,100,0,Manipur
10,12,1,1,2,0,0,4,7,1,4,0,0,1991,33.33,58.33,8.33,33.33,50,50,0,0,100,0,Meghalaya
10,7,1,1,1,0,0,1,6,1,0,0,0,1991,14.29,85.71,14.29,0,100,100,0,0,100,0,Mizoram
10,3,0,0,1,0,0,0,3,0,0,1,1,1991,0,100,0,0,0,0,100,100,0,0,Nagaland
10,214,19,10,21,13,3,60,140,42,32,5,5,1991,28.04,65.42,19.63,14.95,90.48,47.62,23.81,23.81,52.63,23.08,Odisha
10,13,0,0,1,0,0,1,12,1,0,1,1,1991,7.69,92.31,7.69,0,0,0,100,100,0,0,Puducherry
10,81,4,2,13,2,0,22,55,18,8,10,8,1992,27.16,67.9,22.22,9.88,30.77,15.38,76.92,61.54,50,0,Punjab
10,526,12,7,25,6,1,56,440,52,34,8,7,1991,10.65,83.65,9.89,6.46,48,28,32,28,58.33,16.67,Rajasthan
10,7,0,0,1,1,1,1,5,2,0,1,0,1991,14.29,71.43,28.57,0,0,0,100,0,0,100,Sikkim
10,461,26,25,39,1,0,103,345,82,34,14,14,1991,22.34,74.84,17.79,7.38,66.67,64.1,35.9,35.9,96.15,0,Tamil_Nadu
10,17,1,1,2,0,0,8,9,5,3,1,1,1991,47.06,52.94,29.41,17.65,50,50,50,50,100,0,Tripura
10,1605,66,26,84,52,13,267,1247,203,155,48,37,1991,16.64,77.69,12.65,9.66,78.57,30.95,57.14,44.05,39.39,25,Uttar_Pradesh
10,393,40,38,42,10,1,135,230,109,54,3,2,1991,34.35,58.52,27.74,13.74,95.24,90.48,7.14,4.76,95,10,West_Bengal
9,7,1,1,1,0,0,1,6,0,1,0,0,1989,14.29,85.71,0,14.29,100,100,0,0,100,0,Andaman_&_Nicobar_Islands
9,267,28,9,42,4,2,55,199,44,24,24,23,1989,20.6,74.53,16.48,8.99,66.67,21.43,57.14,54.76,32.14,50,Andhra_Pradesh
9,6,1,1,2,0,0,3,3,2,1,1,1,1989,50,50,33.33,16.67,50,50,50,50,100,0,Arunachal_Pradesh
9,711,41,3,54,22,12,129,549,76,86,36,26,1989,18.14,77.22,10.69,12.1,75.93,5.56,66.67,48.15,7.32,54.55,Bihar
9,27,1,0,1,0,0,1,24,2,1,1,1,1989,3.7,88.89,7.41,3.7,100,0,100,100,0,0,Chandigarh
9,5,0,0,1,0,0,0,5,0,0,1,1,1989,0,100,0,0,0,0,100,100,0,0,Dadra_&_Nagar_Haveli
9,5,0,0,1,0,0,0,5,0,0,1,1,1989,0,100,0,0,0,0,100,100,0,0,Daman_&_Diu
9,237,4,2,7,1,1,32,193,31,13,4,2,1989,13.5,81.43,13.08,5.49,57.14,28.57,57.14,28.57,50,100,Delhi
9,25,2,1,2,0,0,4,21,3,1,1,1,1989,16,84,12,4,100,50,50,50,50,0,Goa
9,261,19,4,26,6,5,48,201,34,26,20,14,1989,18.39,77.01,13.03,9.96,73.08,15.38,76.92,53.85,21.05,83.33,Gujarat
9,323,5,3,10,5,2,18,285,28,10,5,4,1989,5.57,88.24,8.67,3.1,50,30,50,40,60,40,Haryana
9,33,4,1,4,2,0,9,22,6,5,3,2,1989,27.27,66.67,18.18,15.15,100,25,75,50,25,0,Himachal_Pradesh
9,63,3,2,6,1,0,5,54,6,3,4,4,1989,7.94,85.71,9.52,4.76,50,33.33,66.67,66.67,66.67,0,Jammu_&_Kashmir
9,242,19,16,28,11,2,44,183,37,22,10,9,1989,18.18,75.62,15.29,9.09,67.86,57.14,35.71,32.14,84.21,18.18,Karnataka
9,218,16,12,20,2,1,30,184,23,11,7,7,1989,13.76,84.4,10.55,5.05,80,60,35,35,75,50,Kerala
9,2,1,1,1,0,0,2,0,1,1,0,0,1989,100,0,50,50,100,100,0,0,100,0,Lakshadweep
9,490,32,8,40,11,8,98,376,72,42,18,11,1989,20,76.73,14.69,8.57,80,20,45,27.5,25,72.73,Madhya_Pradesh
9,593,39,24,48,9,5,82,489,52,52,21,14,1989,13.83,82.46,8.77,8.77,81.25,50,43.75,29.17,61.54,55.56,Maharashtra
9,13,2,2,2,0,0,5,8,2,3,0,0,1989,38.46,61.54,15.38,23.08,100,100,0,0,100,0,Manipur
9,6,1,0,2,0,0,1,3,1,2,2,1,1989,16.67,50,16.67,33.33,50,0,100,50,0,0,Meghalaya
9,4,0,0,1,0,0,0,4,0,0,1,1,1989,0,100,0,0,0,0,100,100,0,0,Mizoram
9,2,0,0,1,0,0,0,2,0,0,1,1,1989,0,100,0,0,0,0,100,100,0,0,Nagaland
9,132,15,3,21,14,8,37,82,25,25,14,8,1989,28.03,62.12,18.94,18.94,71.43,14.29,66.67,38.1,20,57.14,Odisha
9,11,1,1,1,0,0,1,10,0,1,0,0,1989,9.09,90.91,0,9.09,100,100,0,0,100,0,Puducherry
9,227,8,2,13,7,0,17,196,18,13,11,11,1989,7.49,86.34,7.93,5.73,61.54,15.38,84.62,84.62,25,0,Punjab
9,304,16,0,25,8,6,50,235,44,25,18,14,1989,16.45,77.3,14.47,8.22,64,0,72,56,0,75,Rajasthan
9,4,0,0,1,0,0,0,4,0,0,1,1,1989,0,100,0,0,0,0,100,100,0,0,Sikkim
9,506,27,24,39,3,1,41,454,36,16,12,11,1989,8.1,89.72,7.11,3.16,69.23,61.54,30.77,28.21,88.89,33.33,Tamil_Nadu
9,12,2,1,2,0,0,4,7,1,4,0,0,1989,33.33,58.33,8.33,33.33,100,50,0,0,50,0,Tripura
9,1087,58,19,85,52,34,194,832,156,99,44,28,1989,17.85,76.54,14.35,9.11,68.24,22.35,51.76,32.94,32.76,65.38,Uttar_Pradesh
9,336,33,23,42,6,0,81,241,52,43,16,16,1989,24.11,71.73,15.48,12.8,78.57,54.76,38.1,38.1,69.7,0,West_Bengal
8,6,1,1,1,0,0,1,5,0,1,0,0,1984,16.67,83.33,0,16.67,100,100,0,0,100,0,Andaman_&_Nicobar_Islands
8,299,22,1,42,5,5,50,240,32,27,39,33,1984,16.72,80.27,10.7,9.03,52.38,2.38,92.86,78.57,4.55,100,Andhra_Pradesh
8,9,1,1,2,0,0,2,7,1,1,1,1,1984,22.22,77.78,11.11,11.11,50,50,50,50,100,0,Arunachal_Pradesh
8,106,3,1,14,6,0,3,88,12,6,11,10,1985,2.83,83.02,11.32,5.66,21.43,7.14,78.57,71.43,33.33,0,Assam
8,676,43,25,54,37,9,114,536,71,69,26,19,1984,16.86,79.29,10.5,10.21,79.63,46.3,48.15,35.19,58.14,24.32,Bihar
8,33,1,1,1,0,0,3,30,1,2,0,0,1984,9.09,90.91,3.03,6.06,100,100,0,0,100,0,Chandigarh
8,4,0,0,1,0,0,0,4,0,0,1,1,1984,0,100,0,0,0,0,100,100,0,0,Dadra_&_Nagar_Haveli
8,189,2,2,7,4,1,28,158,20,11,4,3,1984,14.81,83.6,10.58,5.82,28.57,28.57,57.14,42.86,100,25,Delhi
8,21,2,1,2,1,1,3,18,1,2,1,1,1984,14.29,85.71,4.76,9.52,100,50,50,50,50,100,"Goa,_Daman_&_Diu"
8,229,22,19,26,7,0,45,174,34,21,6,5,1984,19.65,75.98,14.85,9.17,84.62,73.08,23.08,19.23,86.36,0,Gujarat
8,200,8,4,10,7,0,25,170,18,12,5,5,1984,12.5,85,9,6,80,40,50,50,50,0,Haryana
8,31,2,2,4,1,0,6,24,4,3,2,2,1984,19.35,77.42,12.9,9.68,50,50,50,50,100,0,Himachal_Pradesh
8,48,2,2,6,1,0,3,40,8,0,3,3,1984,6.25,83.33,16.67,0,33.33,33.33,50,50,100,0,Jammu_&_Kashmir
8,334,19,15,28,4,0,32,294,27,13,13,13,1984,9.58,88.02,8.08,3.89,67.86,53.57,46.43,46.43,78.95,0,Karnataka
8,151,14,7,20,5,3,21,127,14,10,13,12,1984,13.91,84.11,9.27,6.62,70,35,65,60,50,60,Kerala
8,2,1,1,1,1,1,1,1,0,1,0,0,1984,50,50,0,50,100,100,0,0,100,100,Lakshadweep
8,398,23,20,40,19,0,56,329,37,32,20,18,1984,14.07,82.66,9.3,8.04,57.5,50,50,45,86.96,0,Madhya_Pradesh
8,498,36,28,48,15,0,91,393,63,42,18,17,1984,18.27,78.92,12.65,8.43,75,58.33,37.5,35.42,77.78,0,Maharashtra
8,14,1,0,2,1,1,4,8,4,2,1,0,1984,28.57,57.14,28.57,14.29,50,0,50,0,0,100,Manipur
8,8,1,1,2,0,0,2,5,1,2,0,0,1984,25,62.5,12.5,25,50,50,0,0,100,0,Meghalaya
8,3,1,1,1,0,0,1,2,1,0,0,0,1984,33.33,66.67,33.33,0,100,100,0,0,100,0,Nagaland
8,114,14,13,21,5,1,32,76,18,20,8,8,1984,28.07,66.67,15.79,17.54,66.67,61.9,38.1,38.1,92.86,20,Odisha
8,10,1,1,1,0,0,1,8,2,0,0,0,1984,10,80,20,0,100,100,0,0,100,0,Puducherry
8,74,5,4,13,1,0,13,61,7,6,8,7,1985,17.57,82.43,9.46,8.11,38.46,30.77,61.54,53.85,80,0,Punjab
8,313,21,15,25,16,0,49,255,31,27,10,9,1984,15.65,81.47,9.9,8.63,84,60,40,36,71.43,0,Rajasthan
8,8,1,0,1,1,0,2,6,2,0,1,1,1984,25,75,25,0,100,0,100,100,0,0,Sikkim
8,214,20,11,39,1,0,36,171,21,22,27,25,1984,16.82,79.91,9.81,10.28,51.28,28.21,69.23,64.1,55,0,Tamil_Nadu
8,10,2,2,2,0,0,3,5,5,0,0,0,1984,30,50,50,0,100,100,0,0,100,0,Tripura
8,1242,51,25,85,67,11,144,1045,120,77,51,41,1984,11.59,84.14,9.66,6.2,60,29.41,60,48.24,49.02,16.42,Uttar_Pradesh
8,248,36,26,42,7,2,74,165,55,28,14,10,1984,29.84,66.53,22.18,11.29,85.71,61.9,33.33,23.81,72.22,28.57,West_Bengal
7,10,1,1,1,0,0,1,9,1,0,0,0,1980,10,90,10,0,100,100,0,0,100,0,Andaman_&_Nicobar_Islands
7,271,36,31,42,16,1,64,189,46,36,10,10,1980,23.62,69.74,16.97,13.28,85.71,73.81,23.81,23.81,86.11,6.25,Andhra_Pradesh
7,8,2,0,2,1,0,2,6,2,0,2,2,1980,25,75,25,0,100,0,100,100,0,0,Arunachal_Pradesh
7,7,2,1,2,1,0,2,5,1,1,1,1,1980,28.57,71.43,14.29,14.29,100,50,50,50,50,0,Assam
7,594,46,12,54,64,16,108,468,69,57,29,19,1980,18.18,78.79,11.62,9.6,85.19,22.22,53.7,35.19,26.09,25,Bihar
7,39,0,0,1,0,0,2,36,3,0,1,1,1980,5.13,92.31,7.69,0,0,0,100,100,0,0,Chandigarh
7,4,0,0,1,1,0,1,3,1,0,1,1,1980,25,75,25,0,0,0,100,100,0,0,Dadra_&_Nagar_Haveli
7,168,7,1,7,12,1,20,144,18,6,5,4,1980,11.9,85.71,10.71,3.57,100,14.29,71.43,57.14,14.29,8.33,Delhi
7,13,1,1,2,2,1,3,9,2,2,1,1,1980,23.08,69.23,15.38,15.38,50,50,50,50,100,50,"Goa,_Daman_&_Diu"
7,169,15,6,26,22,2,39,118,32,19,18,15,1980,23.08,69.82,18.93,11.24,57.69,23.08,69.23,57.69,40,9.09,Gujarat
7,137,9,3,10,11,4,16,116,13,8,4,3,1980,11.68,84.67,9.49,5.84,90,30,40,30,33.33,36.36,Haryana
7,29,4,0,4,5,0,8,20,4,5,1,1,1980,27.59,68.97,13.79,17.24,100,0,25,25,0,0,Himachal_Pradesh
7,29,3,1,6,2,1,3,26,1,2,5,5,1980,10.34,89.66,3.45,6.9,50,16.67,83.33,83.33,33.33,50,Jammu_&_Kashmir
7,190,19,9,28,19,1,33,149,24,17,17,16,1980,17.37,78.42,12.63,8.95,67.86,32.14,60.71,57.14,47.37,5.26,Karnataka
7,93,13,8,20,8,4,19,64,17,12,10,6,1980,20.43,68.82,18.28,12.9,65,40,50,30,61.54,50,Kerala
7,3,1,1,1,1,1,2,1,1,1,0,0,1980,66.67,33.33,33.33,33.33,100,100,0,0,100,100,Lakshadweep
7,359,32,5,40,34,3,60,291,47,21,27,23,1980,16.71,81.06,13.09,5.85,80,12.5,67.5,57.5,15.62,8.82,Madhya_Pradesh
7,415,35,15,48,22,8,66,337,54,24,28,27,1980,15.9,81.2,13.01,5.78,72.92,31.25,58.33,56.25,42.86,36.36,Maharashtra
7,15,2,0,2,3,0,3,9,3,3,2,2,1980,20,60,20,20,100,0,100,100,0,0,Manipur
7,4,1,1,1,0,0,1,3,1,0,0,0,1980,25,75,25,0,100,100,0,0,100,0,Meghalaya
7,2,1,1,1,0,0,1,1,1,0,0,0,1980,50,50,50,0,100,100,0,0,100,0,Mizoram
7,2,1,0,1,0,0,1,1,1,0,1,1,1980,50,50,50,0,100,0,100,100,0,0,Nagaland
7,110,16,5,21,16,1,29,74,17,19,10,10,1980,26.36,67.27,15.45,17.27,76.19,23.81,47.62,47.62,31.25,6.25,Odisha
7,3,1,0,1,1,0,1,2,0,1,1,1,1980,33.33,66.67,0,33.33,100,0,100,100,0,0,Puducherry
7,147,5,0,13,4,0,19,121,17,9,10,8,1980,12.93,82.31,11.56,6.12,38.46,0,76.92,61.54,0,0,Punjab
7,252,17,5,25,22,5,43,205,33,14,17,14,1980,17.06,81.35,13.1,5.56,68,20,68,56,29.41,22.73,Rajasthan
7,7,0,0,1,0,0,0,7,0,0,1,1,1980,0,100,0,0,0,0,100,100,0,0,Sikkim
7,248,19,8,39,7,2,37,209,31,8,30,26,1980,14.92,84.27,12.5,3.23,48.72,20.51,76.92,66.67,42.11,28.57,Tamil_Nadu
7,11,0,0,2,1,0,1,10,1,0,2,2,1980,9.09,90.91,9.09,0,0,0,100,100,0,0,Tripura
7,1005,64,17,85,86,27,133,834,108,63,48,40,1980,13.23,82.99,10.75,6.27,75.29,20,56.47,47.06,26.56,31.4,Uttar_Pradesh
7,285,32,18,42,16,0,60,216,33,36,21,17,1980,21.05,75.79,11.58,12.63,76.19,42.86,50,40.48,56.25,0,West_Bengal
6,2,0,0,1,0,0,0,2,0,0,1,1,1977,0,100,0,0,0,0,100,100,0,0,Andaman_&_Nicobar_Islands
6,165,29,25,42,19,9,48,113,31,21,15,15,1977,29.09,68.48,18.79,12.73,69.05,59.52,35.71,35.71,86.21,47.37,Andhra_Pradesh
6,4,0,0,2,0,0,0,4,0,0,2,2,1977,0,100,0,0,0,0,100,100,0,0,Arunachal_Pradesh
6,40,6,3,14,3,2,10,27,8,5,10,9,1977,25,67.5,20,12.5,42.86,21.43,71.43,64.29,50,66.67,Assam
6,340,38,10,54,26,21,70,259,52,29,39,30,1977,20.59,76.18,15.29,8.53,70.37,18.52,72.22,55.56,26.32,80.77,Bihar
6,10,0,0,1,0,0,0,10,0,0,1,1,1977,0,100,0,0,0,0,100,100,0,0,Chandigarh
6,3,1,1,1,0,0,1,2,1,0,0,0,1977,33.33,66.67,33.33,0,100,100,0,0,100,0,Dadra_&_Nagar_Haveli
6,41,7,1,7,3,3,8,32,3,6,4,4,1977,19.51,78.05,7.32,14.63,100,14.29,57.14,57.14,14.29,100,Delhi
6,15,1,0,2,1,0,2,13,1,1,2,2,1977,13.33,86.67,6.67,6.67,50,0,100,100,0,0,"Goa,_Daman_&_Diu"
6,112,12,8,26,11,8,24,83,20,9,17,14,1977,21.43,74.11,17.86,8.04,46.15,30.77,65.38,53.85,66.67,72.73,Gujarat
6,50,6,2,10,3,3,9,41,6,3,7,7,1977,18,82,12,6,60,20,70,70,33.33,100,Haryana
6,14,3,0,4,0,0,4,10,2,2,4,4,1977,28.57,71.43,14.29,14.29,75,0,100,100,0,0,Himachal_Pradesh
6,29,2,2,6,1,0,4,25,2,2,4,4,1977,13.79,86.21,6.9,6.9,33.33,33.33,66.67,66.67,100,0,Jammu_&_Kashmir
6,98,17,16,28,5,0,27,69,15,14,12,12,1977,27.55,70.41,15.31,14.29,60.71,57.14,42.86,42.86,94.12,0,Karnataka
6,63,11,9,20,4,0,15,43,14,6,11,9,1977,23.81,68.25,22.22,9.52,55,45,55,45,81.82,0,Kerala
6,2,1,1,1,0,0,1,1,0,1,0,0,1977,50,50,0,50,100,100,0,0,100,0,Lakshadweep
6,152,25,8,40,11,10,36,113,21,18,31,28,1977,23.68,74.34,13.82,11.84,62.5,20,77.5,70,32,90.91,Madhya_Pradesh
6,211,23,10,48,8,4,43,161,36,14,38,31,1977,20.38,76.3,17.06,6.64,47.92,20.83,79.17,64.58,43.48,50,Maharashtra
6,11,1,1,2,1,0,3,7,3,1,1,0,1977,27.27,63.64,27.27,9.09,50,50,50,0,100,0,Manipur
6,7,0,0,2,0,0,0,5,1,1,2,1,1977,0,71.43,14.29,14.29,0,0,100,50,0,0,Meghalaya
6,4,0,0,1,0,0,1,3,1,0,1,1,1977,25,75,25,0,0,0,100,100,0,0,Mizoram
6,2,0,0,1,0,0,0,2,0,0,1,1,1977,0,100,0,0,0,0,100,100,0,0,Nagaland
6,61,16,6,21,13,9,26,32,18,11,12,8,1977,42.62,52.46,29.51,18.03,76.19,28.57,57.14,38.1,37.5,69.23,Odisha
6,4,0,0,1,0,0,0,4,0,0,1,1,1977,0,100,0,0,0,0,100,100,0,0,Puducherry
6,79,8,0,13,2,2,14,62,13,4,12,9,1977,17.72,78.48,16.46,5.06,61.54,0,92.31,69.23,0,100,Punjab
6,102,14,4,25,6,5,23,75,17,10,20,19,1977,22.55,73.53,16.67,9.8,56,16,80,76,28.57,83.33,Rajasthan
6,1,0,0,1,0,0,0,1,0,0,1,1,1977,0,100,0,0,0,0,100,100,0,0,Sikkim
6,195,15,9,39,6,2,22,163,22,10,30,25,1977,11.28,83.59,11.28,5.13,38.46,23.08,76.92,64.1,60,33.33,Tamil_Nadu
6,8,1,0,2,0,0,1,7,0,1,2,2,1977,12.5,87.5,0,12.5,50,0,100,100,0,0,Tripura
6,443,58,4,85,33,29,100,329,69,45,72,54,1977,22.57,74.27,15.58,10.16,68.24,4.71,84.71,63.53,6.9,87.88,Uttar_Pradesh
6,171,32,17,42,5,4,52,113,33,25,25,18,1977,30.41,66.08,19.3,14.62,76.19,40.48,59.52,42.86,53.12,80,West_Bengal
5,5,1,1,1,0,0,1,4,1,0,0,0,1971,20,80,20,0,100,100,0,0,100,0,Andaman_&_Nicobar_Islands
5,207,23,16,41,8,3,30,164,26,17,23,22,1971,14.49,79.23,12.56,8.21,56.1,39.02,56.1,53.66,69.57,37.5,Andhra_Pradesh
5,78,11,8,14,2,0,17,60,12,6,6,6,1971,21.79,76.92,15.38,7.69,78.57,57.14,42.86,42.86,72.73,0,Assam
5,421,33,26,53,9,4,36,376,12,33,25,23,1971,8.55,89.31,2.85,7.84,62.26,49.06,47.17,43.4,78.79,44.44,Bihar
5,11,0,0,1,0,0,0,10,1,0,0,0,1971,0,90.91,9.09,0,0,0,0,0,0,0,Chandigarh
5,3,0,0,1,0,0,0,3,0,0,1,1,1971,0,100,0,0,0,0,100,100,0,0,Dadra_&_Nagar_Haveli
5,64,6,1,7,1,0,10,52,9,3,5,4,1971,15.62,81.25,14.06,4.69,85.71,14.29,71.43,57.14,16.67,0,Delhi
5,13,1,1,2,0,0,1,12,1,0,1,1,1971,7.69,92.31,7.69,0,50,50,50,50,100,0,"Goa,_Daman_&_Diu"
5,118,14,9,24,14,9,18,92,19,7,12,10,1971,15.25,77.97,16.1,5.93,58.33,37.5,50,41.67,64.29,64.29,Gujarat
5,63,6,4,9,2,0,7,54,7,2,5,5,1971,11.11,85.71,11.11,3.17,66.67,44.44,55.56,55.56,66.67,0,Haryana
5,20,2,2,4,0,0,3,15,4,1,1,1,1971,15,75,20,5,50,50,25,25,100,0,Himachal_Pradesh
5,32,5,5,6,0,0,5,27,5,0,1,1,1971,15.62,84.38,15.62,0,83.33,83.33,16.67,16.67,100,0,Jammu_&_Kashmir
5,67,12,7,19,3,1,16,50,11,6,12,12,1971,23.88,74.63,16.42,8.96,63.16,36.84,63.16,63.16,58.33,33.33,Kerala
5,1,1,1,1,0,0,1,0,1,0,0,0,1971,100,0,100,0,100,100,0,0,100,0,Lakshadweep
5,170,23,17,37,8,2,37,121,33,16,17,16,1971,21.76,71.18,19.41,9.41,62.16,45.95,45.95,43.24,73.91,25,Madhya_Pradesh
5,235,22,20,45,5,1,42,184,36,15,25,23,1971,17.87,78.3,15.32,6.38,48.89,44.44,55.56,51.11,90.91,20,Maharashtra
5,11,2,1,2,2,0,4,4,5,2,1,1,1971,36.36,36.36,45.45,18.18,100,50,50,50,50,0,Manipur
5,104,21,13,27,9,3,29,73,18,13,14,14,1971,27.88,70.19,17.31,12.5,77.78,48.15,51.85,51.85,61.9,33.33,Mysore
5,2,1,0,1,1,0,1,1,1,0,1,1,1971,50,50,50,0,100,0,100,100,0,0,Nagaland
5,85,15,5,20,8,0,18,62,14,9,15,14,1971,21.18,72.94,16.47,10.59,75,25,75,70,33.33,0,Odisha
5,4,1,0,1,1,0,1,3,1,0,1,1,1971,25,75,25,0,100,0,100,100,0,0,Puducherry
5,83,6,5,13,1,1,7,74,6,3,8,8,1971,8.43,89.16,7.23,3.61,46.15,38.46,61.54,61.54,83.33,100,Punjab
5,129,12,10,23,3,1,16,101,18,10,12,12,1971,12.4,78.29,13.95,7.75,52.17,43.48,52.17,52.17,83.33,33.33,Rajasthan
5,111,17,13,39,9,1,28,83,20,8,25,21,1971,25.23,74.77,18.02,7.21,43.59,33.33,64.1,53.85,76.47,11.11,Tamil_Nadu
5,9,1,0,2,0,0,3,6,1,2,0,0,1971,33.33,66.67,11.11,22.22,50,0,0,0,0,0,Tripura
5,543,50,38,85,23,6,54,460,54,29,42,39,1971,9.94,84.71,9.94,5.34,58.82,44.71,49.41,45.88,76,26.09,Uttar_Pradesh
5,195,19,13,40,15,6,30,154,26,15,25,19,1971,15.38,78.97,13.33,7.69,47.5,32.5,62.5,47.5,68.42,40,West_Bengal
4,6,0,0,1,0,0,0,6,0,0,1,1,1967,0,100,0,0,0,0,100,100,0,0,Andaman_&_Nicobar_Islands
4,164,24,19,41,4,1,35,129,35,0,22,21,1967,21.34,78.66,21.34,0,58.54,46.34,53.66,51.22,79.17,25,Andhra_Pradesh
4,47,8,8,14,2,1,10,37,10,0,6,6,1967,21.28,78.72,21.28,0,57.14,57.14,42.86,42.86,100,50,Assam
4,315,32,30,53,5,5,40,275,40,0,23,17,1967,12.7,87.3,12.7,0,60.38,56.6,43.4,32.08,93.75,100,Bihar
4,10,0,0,1,0,0,0,10,0,0,1,1,1967,0,100,0,0,0,0,100,100,0,0,Chandigarh
4,5,0,0,1,0,0,0,5,0,0,1,1,1967,0,100,0,0,0,0,100,100,0,0,Dadra_&_Nagar_Haveli
4,46,3,1,7,1,0,6,40,6,0,6,4,1967,13.04,86.96,13.04,0,42.86,14.29,85.71,57.14,33.33,0,Delhi
4,16,0,0,2,0,0,0,16,0,0,2,2,1967,0,100,0,0,0,0,100,100,0,0,"Goa,_Daman_&_Diu"
4,80,10,8,24,2,2,10,70,10,0,16,16,1967,12.5,87.5,12.5,0,41.67,33.33,66.67,66.67,80,100,Gujarat
4,67,4,2,9,0,0,4,63,4,0,7,7,1967,5.97,94.03,5.97,0,44.44,22.22,77.78,77.78,50,0,Haryana
4,25,3,3,6,0,0,3,22,3,0,3,3,1967,12,88,12,0,50,50,50,50,100,0,Himachal_Pradesh
4,15,0,0,6,0,0,0,15,0,0,6,6,1967,0,100,0,0,0,0,100,100,0,0,Jammu_&_Kashmir
4,61,8,5,19,1,1,13,48,13,0,14,14,1967,21.31,78.69,21.31,0,42.11,26.32,73.68,73.68,62.5,100,Kerala
4,5,0,0,1,0,0,0,5,0,0,1,1,1967,0,100,0,0,0,0,100,100,0,0,Lakshadweep
4,174,17,9,37,3,2,20,153,20,1,28,26,1967,11.49,87.93,11.49,0.57,45.95,24.32,75.68,70.27,52.94,66.67,Madhya_Pradesh
4,127,13,8,39,3,2,20,107,20,0,31,29,1967,15.75,84.25,15.75,0,33.33,20.51,79.49,74.36,61.54,66.67,Madras
4,185,22,18,45,8,1,35,148,37,0,27,25,1967,18.92,80,20,0,48.89,40,60,55.56,81.82,12.5,Maharashtra
4,10,1,0,2,1,0,2,8,2,0,2,2,1967,20,80,20,0,50,0,100,100,0,0,Manipur
4,100,13,9,27,1,0,22,77,22,1,17,14,1967,22,77,22,1,48.15,33.33,62.96,51.85,69.23,0,Mysore
4,1,0,0,1,0,0,0,1,0,0,1,1,1967,0,100,0,0,0,0,100,100,0,0,Nagaland
4,65,6,5,20,4,3,11,54,11,0,15,13,1967,16.92,83.08,16.92,0,30,25,75,65,83.33,75,Odisha
4,3,0,0,1,0,0,0,3,0,0,1,1,1967,0,100,0,0,0,0,100,100,0,0,Puducherry
4,75,4,4,13,0,0,4,71,4,0,9,9,1967,5.33,94.67,5.33,0,30.77,30.77,69.23,69.23,100,0,Punjab
4,116,8,6,23,3,1,14,102,14,0,17,15,1967,12.07,87.93,12.07,0,34.78,26.09,73.91,65.22,75,33.33,Rajasthan
4,4,2,0,2,2,0,2,2,2,0,2,2,1967,50,50,50,0,100,0,100,100,0,0,Tripura
4,507,37,32,85,4,2,47,460,47,0,53,48,1967,9.27,90.73,9.27,0,43.53,37.65,62.35,56.47,86.49,50,Uttar_Pradesh
4,140,20,12,40,3,2,28,112,27,1,28,25,1967,20,80,19.29,0.71,50,30,70,62.5,60,66.67,West_Bengal
3,147,0,0,43,0,0,0,147,0,0,43,43,1962,0,100,0,0,0,0,100,100,0,0,Andhra_Pradesh
3,41,0,0,12,0,0,0,41,0,0,12,12,1962,0,100,0,0,0,0,100,100,0,0,Assam
3,233,0,0,53,0,0,0,233,0,0,53,53,1962,0,100,0,0,0,0,100,100,0,0,Bihar
3,28,0,0,5,0,0,0,28,0,0,5,5,1962,0,100,0,0,0,0,100,100,0,0,Delhi
3,68,0,0,22,0,0,0,68,0,0,22,22,1962,0,100,0,0,0,0,100,100,0,0,Gujarat
3,11,0,0,4,0,0,0,11,0,0,4,4,1962,0,100,0,0,0,0,100,100,0,0,Himachal_Pradesh
3,50,0,0,18,0,0,0,50,0,0,18,18,1962,0,100,0,0,0,0,100,100,0,0,Kerala
3,159,0,0,36,0,0,0,159,0,0,36,36,1962,0,100,0,0,0,0,100,100,0,0,Madhya_Pradesh
3,152,0,0,41,0,0,0,152,0,0,41,41,1962,0,100,0,0,0,0,100,100,0,0,Madras
3,168,0,0,44,0,0,0,168,0,0,44,44,1962,0,100,0,0,0,0,100,100,0,0,Maharashtra
3,11,0,0,2,0,0,0,11,0,0,2,2,1962,0,100,0,0,0,0,100,100,0,0,Manipur
3,88,0,0,26,0,0,0,88,0,0,26,26,1962,0,100,0,0,0,0,100,100,0,0,Mysore
3,49,0,0,20,0,0,0,49,0,0,20,20,1962,0,100,0,0,0,0,100,100,0,0,Odisha
3,107,0,0,22,0,0,0,107,0,0,22,22,1962,0,100,0,0,0,0,100,100,0,0,Punjab
3,111,0,0,22,0,0,0,111,0,0,22,22,1962,0,100,0,0,0,0,100,100,0,0,Rajasthan
3,7,0,0,2,0,0,0,7,0,0,2,2,1962,0,100,0,0,0,0,100,100,0,0,Tripura
3,443,0,0,86,0,0,0,443,0,0,86,86,1962,0,100,0,0,0,0,100,100,0,0,Uttar_Pradesh
3,112,0,0,36,0,0,0,112,0,0,36,36,1962,0,100,0,0,0,0,100,100,0,0,West_Bengal
